{"mode": "train", "epoch": 1, "iter": 5, "lr": 0.0001, "time": 6.93295, "data_time": 4.29735, "memory": 6837, "transfer_time": 4.36031, "forward_time": 4.83485, "loss_parse_time": 4.83515, "loss": [19.58163, 26.4078, 35.53274, 35.43067, 45.80583, 41.92629], "hm_loss": [12.63303, 17.05237, 27.36035, 24.09812, 30.87578, 32.35952], "loc_loss": [27.7944, 37.4217, 32.68956, 45.33022, 59.72021, 38.26708], "loc_loss_elem": [[2.72076, 5.26896, 4.61414, 2.28856, 2.46798, 2.39799, 4.43684, 4.12072, 2.71702, 3.60749], [5.09675, 3.86721, 6.39595, 4.18606, 3.8586, 3.74728, 3.73983, 5.80089, 4.20379, 4.15792], [6.54851, 3.06525, 5.00677, 3.00467, 2.95791, 2.62845, 2.94027, 2.97121, 4.16174, 4.13397], [4.92882, 5.71418, 11.61751, 3.11321, 3.42629, 6.37312, 3.51226, 6.63483, 3.56289, 4.56478], [9.85917, 6.00635, 8.26333, 7.52564, 7.23416, 3.68362, 4.80266, 7.21355, 9.95944, 4.78526], [2.86103, 3.39651, 6.32192, 3.00571, 4.39584, 3.15058, 5.19035, 5.11509, 7.43181, 5.64259]], "num_positive": [42.6, 31.8, 20.2, 16.8, 41.0, 22.8]}
{"mode": "train", "epoch": 1, "iter": 10, "lr": 0.0001, "time": 0.91866, "data_time": 0.64831, "memory": 6837, "transfer_time": 0.66633, "forward_time": 0.75136, "loss_parse_time": 0.75163, "loss": [14.06776, 16.39593, 20.18597, 23.99206, 18.97407, 22.40797], "hm_loss": [8.48179, 10.03914, 14.5231, 13.25292, 10.07209, 11.39442], "loc_loss": [22.34388, 25.42718, 22.65152, 42.95653, 35.60791, 44.05423], "loc_loss_elem": [[2.36713, 3.70276, 3.63499, 1.67969, 2.46054, 1.65762, 3.07161, 4.27174, 2.5391, 2.83338], [3.68642, 3.04366, 4.63096, 2.00713, 2.83774, 2.65435, 2.62333, 3.4594, 2.18468, 3.1657], [3.8729, 2.44973, 3.66853, 2.02338, 4.17408, 1.90568, 2.8075, 2.21691, 1.65666, 1.89568], [6.71226, 4.84185, 6.77272, 4.25818, 3.05311, 5.36465, 4.47304, 6.92976, 6.04274, 3.63045], [5.9593, 3.98102, 4.58377, 4.84298, 4.06908, 2.65299, 3.30236, 4.19414, 4.93556, 3.08391], [3.46683, 4.43854, 6.28729, 4.38057, 4.52969, 3.20882, 5.53391, 5.04416, 8.92397, 6.70291]], "num_positive": [37.0, 35.8, 22.2, 19.4, 41.6, 34.0]}
{"mode": "train", "epoch": 1, "iter": 15, "lr": 0.0001, "time": 3.48815, "data_time": 3.2132, "memory": 6993, "transfer_time": 3.23042, "forward_time": 3.31545, "loss_parse_time": 3.31578, "loss": [15.28943, 17.41067, 16.13395, 16.04812, 15.7527, 15.75581], "hm_loss": [9.43192, 10.14135, 11.68222, 7.17557, 9.25177, 10.0789], "loc_loss": [23.43004, 29.07725, 17.80691, 35.4902, 26.00371, 22.70764], "loc_loss_elem": [[2.42224, 3.1298, 3.74818, 1.77523, 2.53223, 1.80546, 4.40415, 4.02874, 2.78623, 3.54408], [3.76785, 3.54891, 6.16483, 2.90085, 2.44512, 2.86768, 2.73389, 3.85309, 2.81153, 3.2531], [2.73683, 1.48929, 3.51237, 1.37452, 2.25676, 1.65048, 1.90354, 2.12597, 1.66893, 2.31183], [6.80291, 4.74619, 5.81598, 3.22971, 1.764, 3.98291, 3.81213, 7.2841, 3.70784, 3.22142], [4.13626, 3.15412, 3.56372, 3.2753, 2.5975, 1.67263, 3.07387, 4.61721, 3.32367, 2.7423], [2.02669, 2.27195, 4.07096, 2.34091, 2.50642, 1.76375, 2.93057, 2.33671, 2.95618, 3.71732]], "num_positive": [30.8, 32.6, 25.2, 35.2, 42.0, 39.0]}
{"mode": "train", "epoch": 1, "iter": 20, "lr": 0.0001, "time": 2.62498, "data_time": 2.34535, "memory": 6993, "transfer_time": 2.36416, "forward_time": 2.45023, "loss_parse_time": 2.4505, "loss": [10.46716, 14.16406, 13.98446, 17.04289, 16.29347, 15.3569], "hm_loss": [5.86918, 9.45735, 10.51558, 10.61265, 8.40851, 9.26131], "loc_loss": [18.39192, 18.82684, 13.87551, 25.72096, 31.53983, 24.38238], "loc_loss_elem": [[2.21242, 2.08107, 3.84897, 1.46073, 1.82204, 1.65284, 3.05198, 2.88975, 1.68549, 2.44001], [1.94835, 2.36651, 3.55778, 1.62486, 1.93774, 1.70735, 2.32126, 3.34453, 2.37016, 2.18093], [2.0952, 1.52114, 2.95157, 0.98462, 1.93995, 1.10883, 2.15167, 1.70225, 1.10214, 1.40127], [2.75336, 3.33274, 6.02, 2.07443, 2.30333, 2.66364, 2.6016, 3.65577, 2.39195, 2.93002], [6.44591, 3.80792, 3.72488, 3.36899, 2.9626, 2.74819, 3.1343, 4.17995, 4.10369, 2.91479], [2.15146, 2.70917, 4.39489, 2.25298, 3.14755, 1.72208, 3.90174, 3.29282, 3.18889, 3.37644]], "num_positive": [43.0, 29.2, 23.8, 15.8, 41.6, 32.6]}
{"mode": "train", "epoch": 1, "iter": 25, "lr": 0.0001, "time": 2.45335, "data_time": 2.16632, "memory": 6993, "transfer_time": 2.19336, "forward_time": 2.28602, "loss_parse_time": 2.28628, "loss": [8.89938, 12.67892, 11.89366, 12.05432, 11.54789, 10.99757], "hm_loss": [4.71025, 8.01597, 8.49918, 7.73326, 7.32975, 7.55331], "loc_loss": [16.7565, 18.65179, 13.57795, 17.28424, 16.87258, 13.77706], "loc_loss_elem": [[1.63492, 2.07527, 3.47044, 1.21769, 1.41894, 1.49112, 2.96861, 2.82456, 2.27747, 2.01202], [2.27938, 1.97296, 3.44704, 1.85692, 2.03406, 1.78454, 2.21167, 2.67432, 2.22041, 2.07929], [2.25741, 1.55494, 2.11738, 0.82894, 1.67949, 1.29841, 1.69057, 1.9361, 1.56039, 1.55567], [2.51203, 1.74226, 2.47208, 1.1522, 2.77275, 2.31898, 1.97988, 2.07904, 1.92906, 1.5731], [2.21872, 2.27762, 2.84243, 1.37423, 1.82224, 1.08192, 2.10876, 3.06155, 1.87933, 2.34203], [1.37, 1.67017, 2.82081, 1.40619, 1.16828, 1.0073, 2.01253, 1.92137, 1.61741, 1.93012]], "num_positive": [56.8, 29.6, 24.4, 19.8, 40.0, 38.4]}
{"mode": "train", "epoch": 1, "iter": 30, "lr": 0.0001, "time": 0.55642, "data_time": 0.27023, "memory": 6993, "transfer_time": 0.28329, "forward_time": 0.37497, "loss_parse_time": 0.37523, "loss": [8.298, 8.88359, 9.52637, 11.60434, 10.59084, 8.70193], "hm_loss": [4.78575, 5.68049, 6.76769, 5.98427, 6.3274, 5.1097], "loc_loss": [14.04899, 12.81239, 11.03473, 22.48026, 17.05376, 14.36892], "loc_loss_elem": [[1.47538, 1.42273, 3.10869, 1.09717, 1.21632, 1.31775, 2.47161, 2.51482, 1.59924, 1.81441], [1.34402, 1.44271, 2.47902, 1.38641, 0.94897, 1.26133, 1.22659, 2.28436, 1.55435, 1.69339], [1.99112, 1.22762, 1.80729, 0.68175, 1.03944, 0.88279, 1.92746, 2.02048, 1.20866, 1.40648], [2.64066, 2.60945, 4.23422, 1.60225, 2.53678, 2.08916, 1.99757, 3.21268, 3.06089, 2.6648], [2.46408, 1.97755, 2.70854, 1.46945, 1.84987, 1.13114, 2.39733, 3.17412, 2.11737, 2.22146], [1.61442, 1.86427, 2.85085, 1.12861, 1.67628, 1.15311, 2.374, 2.31897, 1.42055, 1.72223]], "num_positive": [41.2, 36.0, 25.0, 42.2, 40.6, 46.8]}
{"mode": "train", "epoch": 1, "iter": 35, "lr": 0.0001, "time": 2.5917, "data_time": 2.31289, "memory": 6993, "transfer_time": 2.33818, "forward_time": 2.41777, "loss_parse_time": 2.41802, "loss": [7.30786, 6.63177, 10.29827, 7.5141, 8.4859, 9.07694], "hm_loss": [4.71881, 4.79787, 5.69648, 5.25835, 5.43303, 4.96317], "loc_loss": [10.35617, 7.33557, 18.40713, 9.02299, 12.21147, 16.4551], "loc_loss_elem": [[0.9389, 1.07086, 2.28916, 0.7629, 0.97265, 0.62814, 1.73219, 2.20336, 1.58229, 1.32416], [0.77467, 0.68902, 1.82819, 0.5569, 0.70005, 0.62847, 0.89112, 1.21782, 0.82739, 0.9091], [2.6326, 2.96171, 3.2423, 1.04395, 1.46726, 2.00573, 2.33781, 2.34204, 1.80926, 2.30836], [1.26553, 1.01666, 1.77362, 0.67347, 0.8993, 0.54175, 1.22046, 1.23895, 1.27131, 1.08946], [1.33742, 1.51217, 2.07059, 1.55278, 0.9599, 1.13191, 1.45989, 1.7738, 1.52311, 1.47684], [1.50936, 1.63712, 2.64891, 1.31115, 1.14565, 1.60504, 3.14455, 1.90477, 3.50153, 2.08648]], "num_positive": [42.8, 32.8, 25.8, 28.8, 40.6, 39.6]}
